stock,model,features,package,freq_lower,freq_upper,freq_stability,temp_lower,temp_upper,output,voltage,image,pdf
x,IQXO-64x,Industry standard product;Low height;Low Power;Small package,1.6 x 1.2,1,80,30,-40,85,CMOS,1.8;2.5;3.3,image.png,doc.pdf
x,IQXO-98x,Low height;Low Power;Small package,1.6 x 1.2,0.032768,0.032768,30,-40,85,CMOS,1.8;2.5;3.3,image.png,doc.pdf
x,IQXO-406,Low jitter/phase noise;Small package,2.0 x 1.6,50,250,50,-40,85,LVDS,2.5;3.3,image.png,doc.pdf
x,IQXO-40x,Industry standard product;Low Power;Small package,2.0 x 1.6,0.032768,0.032768,25,-40,125,CMOS,1.8;2.5;3.3,image.png,doc.pdf
x,IQXO-439,Low jitter/phase noise;Small package,2.0 x 1.6,50,250,50,-40,85,LVPECL,2.5;3.3,image.png,doc.pdf
