model,standard_parts,stock,frequency,holder,height,cut,mode,load,esr,c1,c0,q_factor,freq_tol,reference_temp,temp_lower,temp_upper,freq_stability,lower_lower_turn_point,lower_upper_turn_point,upper_lower_turn_point,upper_upper_turn_point,mounting
CH-92-P,5356-1-109.80392,75,109.80392,HC35/U,5.1,SC,5th,Series,90,,,,5,100,,,,,,95,117,Through Hole
CH-92-P,5357-1-109.80392,90,109.80392,HC35/U,5.1,AT,5th,Series,90,,,40,10,100,,,,,,95,117,Through Hole
CH-92-P,5358-1-109.80392,27,109.80392,HC35/U,5.1,SC,7th,Series,90,,,40,15,100,,,,,,95,117,Through Hole
RHS-92-V,6078-1-80,52,80,SMP-8,2,SC,5th,20,75,0.172,3.8,160,3,100,,,,,,90,110,Through Hole
CHT-25-A,1/25/6088,45,25,HC35/U,5.1,AT,1st,10,8,14.9,2.9,20,20,25,40,85,30,,,,,Through Hole
CVT-25-H,5991-1-18.432,98,18.432,HC43/U,13.5,AT,3rd,12,40,1.516,3.1,280,4,85,,,,80,90,,,Through Hole
CHT-110-Q,5781-1-10,12,10,HC37/U,4,EY,3rd,15,70,0.2,3.4,1200,1.5,80,,,,79,87,,,Through Hole
CHT-110-Q,5680-1-5,43,5,HC37/U,6.5,EY,3rd,20,125,0.118,2.2,2200,1,85,,,,80,90,,,Through Hole
RHS-75-V,5967-1-20.48,32,20.48,SMP-8,2,IT,3rd,20,65,0.54,2.8,230,5,100,,,,,,93,107,Through Hole
CVT-25-H,5846-1-25.6,150,25.6,UM1,8,AT,3rd,15,50,1,2.3,160,2,85,,,,80,90,,,Through Hole
CHT-92-S,6061-1-50,23,50,HC35/U,5.1,SC,5th,Series,70,0.188,3.6,240,3,84,,,,78,90,,,Through Hole
RVT-25-W,5956-1-48.333333,32,48.333333,LT5,4,AT,3rd,7.7,35,0.79,1.8,110,5,25,0,50,10,,,,,Through Hole
GVT-25,1463-5-60.7,67,60.7,HC26/U,13.5,AT,3rd,20,40,1.5,3.7,135,10,25,-20,60,10,,,,,Through Hole
25-B1,4028-1-5,85,5,HC26/U,n/a,AT,1st,n/a,35,25,4,25,3000,25,25,40,10,,,,,Through Hole
CHT-25-H,5866-1-50,13,50,HC35/U,5.1,AT,5th,Series,50,0.45,2.8,200,2.5,82,,,,78,86,,,Through Hole