model,features,holder,freq_lower,freq_upper,esr_lower,esr_upper,cut,mode,q_factor_lower,q_factor_upper,freq_tol,height,temp_lower,temp_upper,freq_stability,lower_lower_turn_point,lower_upper_turn_point,upper_lower_turn_point,upper_upper_turn_point,mounting,image,pdf
CH-92-P,High Q;4 point mount;Cold weld,HC35/U,10,17,40,120,SC,5th,800,1300,5,4;5.1;6.5,,,,,,95,117,Through Hole,CHT-92-Q.png,
RHS-92-V,High Q,SMP-8,5,50,40,90,AT,5th,600,2000,10,4;5.1;6.5,,,,,,95,117,Through Hole,CHT-92-Q.png,
CHT-25-A,Cold weld,HC35/U,10,17,40,95,SC,7th,40,1500,15,4;5.1;6.5,-40,90,,,,95,117,Through Hole,CHT-92-Q.png,
CVT-25-H,4 point mount;Cold weld,HC43/U,10,60,10,125,SC,5th,450,1300,3,4;5.1;6.5,,,,,,90,110,Through Hole,CHT-92-Q.png,
CHT-110-Q,Cold weld,HC37/U,3,35,40,120,AT,1st,700,2200,20,4;5.1;6.5,-40,85,30,,,,,Through Hole,CHT-92-Q.png,
RHS-75-V,High Q,SMP-8,10,17,20,90,AT,3rd,800,1300,4,4;5.1;6.5,0,105,,80,90,,,Through Hole,CHT-92-Q.png,
CHT-92-S,High Q;Cold weld,HC35/U,5,40,40,95,EY,3rd,600,900,1.5,4;5.1;6.5,-40,85,,79,87,,,Through Hole,CHT-92-Q.png,
RVT-25-W,4 point mount,LT5,3,35,35,125,EY,3rd,40,1300,1,4;5.1;6.5,,,,80,90,,,Through Hole,CHT-92-Q.png,
GVT-25,4 point mount,HC26/U,10,17,40,95,IT,3rd,450,2100,5,4;5.1;6.5,,,,,,93,107,Through Hole,CHT-92-Q.png,
25-B1,Cold weld,HC26/U,5,40,40,125,AT,3rd,700,2200,2,4;5.1;6.5,,,,80,90,,,Through Hole,CHT-92-Q.png,
CHT-25-H,High Q,HC35/U,10,17,40,120,SC,5th,800,1500,3,4;5.1;6.5,-20,55,,78,90,,,Through Hole,CHT-92-Q.png,